SMILES,分子量(MW),疏水性(LogP),氢键供体,氢键受体,QED评分,合成可及性(SAS),Caco2渗透性(预测),Lipinski规则满足数,类药总得分
CC(C)CCCC1CN(C)COC2=CC=CC=C2OC3=CC=CC=C31,339.48,5.67,0,3,0.716,4.92,0.85,3,0.664
O=CC1=CC2=CC=C1C(=O)C3=CC=CC=C3C2NCCC4CCCCC4=CC=C,385.51,5.42,1,3,0.676,6.263,0.75,3,0.607
CC1=NC=CC=C1C2=CC=CC=C2COC=CC3=CC=CC=C3F,319.38,5.38,0,2,0.589,5.01,0.9,3,0.61
CCOC(=O)C1CC=C(F)C=C1C=CC=CNC(=O)C2=CC=CC=C2C,355.41,4.16,1,3,0.616,4.471,0.75,4,0.712
CC(C)C=CC1=CC=CC=C1OC(=O)NC2CCCCC23C4C3OCCC4,369.51,5.18,1,3,0.795,5.591,0.75,3,0.675
O=C(NC(=O)C1=C(C)CNC1CC)CC2CCCCC2C=N,305.42,2.17,3,4,0.681,4.489,0.5,4,0.738
C1C=CC=C1C=CC2=CC=CC=C2CNCCC3CCCCC3=C,319.49,5.81,1,1,0.494,4.885,0.85,3,0.576
COC=CC=C1C2=C(O)C=C3C=C(Cl)C(F)=C3C=CC=C2C=C1,328.77,5.24,1,2,0.703,4.981,0.8,3,0.657
CC1=CC=C2C(=C1)NCCC3CCCCC4C3C5=CC=CC=C5C4=C2,329.49,6.25,1,1,0.602,6.12,0.85,3,0.582
CCN(CC)CC(C1)=CC=CC=C1SCCCN(C2)CCCCC2C(C)CC,404.71,6.37,0,3,0.369,4.534,0.85,3,0.537
CCNC(=O)C1=CC=CC=C1C(=O)NC2=CC=CC=C2C3=CC=CC=C3C=CC=C,396.49,5.55,2,2,0.514,5.2,0.7,3,0.575
CC(=O)C=CC1=C(Cl)C=CC2=C1OCCC3(C)C(C)CC3CC2,332.87,5.32,0,2,0.685,4.85,0.9,3,0.653
C1C(C)C=CC=C1CC(=O)NCC2=CC=CC=C2CCC=C,295.43,4.33,1,1,0.745,4.216,0.85,4,0.772
CCCCCC1CCCNC(=O)C2=CC=CC=C2C=N1,272.39,3.58,1,2,0.836,4.3,0.8,4,0.806
CCCC1CCN2C(=O)C3CC4CC=C5C=C4C=C3C25C=C1,293.41,3.78,0,1,0.71,6.016,0.95,4,0.703
CC1C2=CC=C(Cl)C=C2C3=CC=C(Cl)C4=C3C(C)(C)CC4CC1,345.31,7.32,0,0,0.469,5.581,1.0,3,0.545
CC1=CC=CC=C1C(=O)OC2=CC=C3C=C2C(=O)OC4=CC=CC=C4C3C=C,370.4,5.06,0,4,0.367,5.52,0.8,3,0.506
COC1=CC=CC=C1C(=O)NCCCCC2CC=CC=C2CC(C)=CC=CC,379.54,6.01,1,2,0.399,4.427,0.8,3,0.552
COC1=CC=CC=C1C(=O)C2=CC=C(Br)C=C2C3=CC=CC=C3CCCC,423.35,6.7,0,2,0.396,4.991,0.9,3,0.533
CC1=CC=C(Cl)C=C1C(=O)NCC2CC3CCC2CC3CCCCC#C,371.95,5.62,1,1,0.488,5.671,0.85,3,0.55
CC(C)NCCCCCCCC12CCCCC1C(=O)NCCC3CCCCC3=C2,402.67,6.14,2,2,0.359,5.167,0.7,3,0.514
CC=CC=CC(C)C(=O)N1CCCCC12C=C(Cl)CC=C2C3=CC=CC=C3C,395.97,6.42,0,1,0.538,5.134,0.95,3,0.586
CC(=O)NCC1CCCCC1C=CC2=CC=CC=C2C3=CC=CC=C3C=NC=CC#C,410.56,5.88,1,2,0.45,5.234,0.8,3,0.548
C1=C2C(C3)=CC=C(Cl)C=C3CCC2=CC4=CC=C(Cl)C=C4C1,327.25,6.38,0,0,0.519,5.553,1.0,3,0.566
CC1(C)CCCC1CN(C)CCCCN(C2)C3CCCC2C(=O)CC3C,362.6,4.6,0,3,0.618,5.071,0.85,4,0.695
CC=CC=CC=CC1=CC=C(Cl)C=C1C2=CC=CC=C2,280.8,6.15,0,0,0.589,4.15,1.0,3,0.636
COC=CC=CC(NC(=O)C(C)CC1=CC=CC=C1)OC2=CC=CC=C2C=C,377.48,4.75,1,3,0.369,4.427,0.75,4,0.615
C1C=CC=CC1(CCNC(=O)C=CC2=CC=CC=C2C=C)C3=CC=CC=C3C,369.51,5.61,1,1,0.631,5.027,0.85,3,0.627
COC1=CC=CC=C1C(=O)NC2=CC=CC(O)=C2CC3=CC=C(F)C=C3C=C,377.42,5.03,2,3,0.634,5.134,0.65,3,0.624
CC=CC=CC1(NC(=O)C2=CC3=CC=C2N1C=CC4=CC=CC=C4C3)C=C,354.45,4.83,1,2,0.633,6.302,0.8,4,0.664
CC=CC1=CC=C(C)C=C1C=NC2=CC=CC=C2NCCC3CCCCC3C#C,384.57,7.02,1,2,0.402,5.167,0.8,3,0.531
COC=CC=C(Cl)CCC1=CC=CC=C1C(C2=CC=CC=C23)NCCCC3C,395.97,6.48,1,2,0.446,5.134,0.8,3,0.549
CCCCCC(CNC(=O)C=CC(C)C1CC=CC=C1C(=O)N)CCCC,374.57,4.67,2,2,0.363,3.902,0.7,4,0.628
C1OC=CC=C1CCCCCCCCC2OC=CC=C2CC3=CC=CC=C3C,378.56,6.97,0,2,0.387,4.92,0.9,3,0.532
CCNC(=O)C=CC=C(C(=O)NC1=CC=C(Cl)C=C1C)C=CC=CC#C,368.86,3.95,2,2,0.435,3.986,0.7,4,0.654
CCOC(=O)C(C)COC1CC(O)CC2CC=CC=C2C3=CC=CC=C3C1,370.49,3.93,1,4,0.798,4.88,0.7,4,0.773
CCNC(=O)C1=CC=CN=C1CCCCCCC2C(OC)=CC=CCC2=C,368.52,4.99,1,3,0.468,4.502,0.75,4,0.652
CC=C1C=C(C=CC(=O)C(O)C2=CC=C(F)C)C2CC(=O)C1,302.35,3.14,1,3,0.809,4.216,0.75,4,0.797
CC(C)CCCCCCCCC(=O)NCC1=CC=C(C2)CCCCCC2CC1,387.65,7.5,1,1,0.365,4.427,0.85,3,0.538
CC(C)C(=O)N1CCCCC1CC2CC=CC=C2C3=CC=CC=C3C=CC#C,373.54,5.72,0,1,0.605,5.027,0.95,3,0.616
CC=CC=C(C=CC1=CC=C(F)C=C1C2=CC=C(Cl)C=C2)C3=CC=CC=C3,374.89,7.82,0,0,0.399,5.102,1.0,3,0.532
CCOC1=CC=CC=C1NC(=O)C=C2C=C(C)CC=C2C3=CC=CC=C3C=O,373.45,5.2,1,3,0.559,5.027,0.75,3,0.598
C1OC=CC=C1CC=C2C=CCC=CC3=CC=C(Cl)C=C3C2CC=C,350.89,6.76,0,1,0.545,4.92,0.95,3,0.595
CCC1=CC=CC=C1C2=CC=CC=C2OC3=CC=C(Cl)C=C3N4CCCC4C,391.94,7.35,0,2,0.45,5.734,0.9,3,0.533
CC=CC=C(C=CC1=CC2=CC=C1N3CCCCC3CC2)N,294.44,4.42,1,2,0.836,5.553,0.8,4,0.768
CC=NC1=CC=C2C=C1CCN2C(=O)NCCC(=O)C=CC=CC=C,337.42,3.74,1,3,0.468,4.56,0.75,4,0.65
C1COC=CC=C1CC2=CC=CC=C2OC3=CC=CC=C3C=C,304.39,5.52,0,2,0.723,4.72,0.9,3,0.673
CCCCCC1CC2=CC=C1C3=CC=CC=C3C=C2C(=O)NCCC4CC=CC=C4,399.58,6.63,1,1,0.488,6.3,0.85,3,0.531
COC1=CC=CC(Br)=C1C(=O)N2CCNCC3CCNCC3C2=O,396.29,1.26,2,5,0.737,5.26,0.55,4,0.737
COC=CC=C(C1CCN(C2=CC=CC=C2)OC3CC)N(C)CC3CC1,356.51,4.61,0,4,0.736,5.071,0.8,4,0.742
CCC=CC=C(CN1C(=O)C2=CC3=CC4=CC=C3S2C4CC)C1,325.48,4.6,1,1,0.802,6.05,0.85,4,0.739
CC1=CC=C2C=C1NC(=O)C3=CC=CC4=C3N2C=CC5=C(F)C=CC=C54,342.37,5.07,1,2,0.419,6.386,0.8,3,0.501
CCCCCCCCCC1(C)C2(C)C=CC=C2C=C1C3=CC=CC=C3C(=O)O,378.56,7.43,1,1,0.43,4.92,0.85,3,0.549
C1OC=CC=C1CCCNC(=O)CC2CC=CC3=C2CCC=C3C=C,337.46,4.52,1,2,0.694,4.92,0.8,4,0.73
CN(C)CCN1C(=O)C2=CC=C3C=C2C4=CC=CC=C4C=C3CC1,318.42,3.62,0,2,0.863,6.21,0.9,4,0.759
C1C=CC2=CC1(C=CC3=CC=C(Cl)C=C3CCC2C4=CC=CC=C4)C,346.9,6.98,0,0,0.522,5.52,1.0,3,0.568
CC1=CC=CC2=C1C3=CC=CC=C3N4CCCCC5=CC=CC=C5C4C=C2,351.49,6.57,0,1,0.442,6.191,0.95,3,0.516
C1C=CC=C1C(=O)C=CC2=CC=CC=C2CC3=CC=C(F)C=C3C=C,330.4,5.53,0,1,0.637,4.92,0.95,3,0.632
C1C(C)=CC=C1NCC(=O)C2=CC=C(Cl)C=C2C,261.75,3.65,1,2,0.838,4.253,0.8,4,0.808
O=C(O)CC1=CC=C(Cl)C2=C1C3=CC=CC=C3C4=CC=C(Cl)C=C4C2C,383.27,6.42,1,1,0.554,5.671,0.85,3,0.577
CC(C)CCCCCNC(=O)CCC1CC2C3CCC2OC=C3CC1C(C)C,389.62,6.09,1,2,0.459,5.027,0.8,3,0.558
COC=C1C=CC(=O)C2=CC=C(Cl)C=C2C=C1CC=CC=CC(C)C,354.88,6.16,0,2,0.467,4.32,0.9,3,0.582
C1C(C)C2=CC=CC=C2CCN1CC3=CC=C(Cl)C=C3CC,313.87,5.06,0,1,0.765,4.953,0.95,3,0.682
CCC1CCC=C(CC(=O)NC(=O)C=CC2=CC=CCl)C=C2C=C1,343.85,4.5,1,2,0.75,4.41,0.8,4,0.768
CCOC(=O)C=CC=C1C=CC2=CC=CC=C2C(C)CC1=O,296.37,3.82,0,3,0.629,4.08,0.85,4,0.729
COC=CC=C(CNC(=O)C(OC)(C)CCO)C(C1)CCCCCC1,353.5,3.34,2,4,0.493,3.72,0.6,4,0.685
COC1=CC=CC=C1C(=O)C2=CC=CC3=C2OC4=CC=CC=C4C3=O,330.34,4.19,0,4,0.417,5.4,0.8,4,0.605
CC(C)(C)C1CC=CC=C1NCCCCC2CCCOC2C3=CC=CC=C3C,381.6,6.73,1,2,0.529,5.027,0.8,3,0.586
CCCNC(=O)C(C)C1=CC=C2C=C1C=CCC3=CC=CC=C3C2CC,347.5,5.43,1,1,0.768,4.955,0.85,3,0.683
CC=CC=C1C(C2C(O)CCC2C=C1C=CC3=CC=CC=C3C=C)C=C,344.5,5.97,1,1,0.652,4.84,0.85,3,0.641
COC1=CC=CC=C1C2=CC3=C(Cl)C=C2C=CC4=CC=CC=C43,318.8,6.17,0,1,0.429,6.05,0.95,3,0.515
CCCCCC1CCCC2(C3)C=CC=C2C4=CC=CC=C4C3C=C1,318.5,7.05,0,0,0.412,5.36,1.0,3,0.529
CCOC1=CC=CC=C1NCC(=O)C=CO,221.26,2.14,2,4,0.57,3.428,0.6,4,0.725
CCNC(=O)C=CC1=CC=CC=C1NC2CC3C(C)CCC3CC2=O,340.47,3.64,2,3,0.805,5.04,0.65,4,0.771
COC1=CC=C2C=C1C3=CC=CC=C3C2C4CC=CC=C4C5=CC=CC=C5C=CC,390.53,7.5,0,1,0.448,6.2,0.95,3,0.518
CCCN1C(=O)CCC1CCCN(C)NCCN2C=CC(C)C=C2CC=CC=CC,414.64,4.48,1,4,0.356,4.8,0.7,4,0.599
CC(C)CCCCCCC1CCCC2CC3CC2CCCC3C1C4=CC=CC=C4,394.69,9.01,0,0,0.386,5.56,1.0,3,0.512
C1OC2=CC=CC=C2CCN1CC=O,191.23,1.08,0,3,0.655,3.974,0.85,4,0.743
C=CC(N)=CC=C1C=C2C(Cl)C=C1CC3=CC=C(Cl)C=C3CCC2C=C,384.35,6.06,1,1,0.383,5.786,0.85,3,0.504
CCCNC(=O)C=CC1=CC2=CC=C1C3=CC=CC4=C3C2CC=C4C(=O)NC,372.47,3.87,2,2,0.783,6.334,0.7,4,0.723
CC1=CC=C(Cl)C=C1C(=O)NCCCCCC2CCC3CC2CCC3=O,375.94,5.33,1,2,0.654,5.071,0.8,3,0.634
CC(C)C=CC=CNC(=O)C1=CC2=CC=CC3=C2C=C1C=C3CCC,331.46,5.84,1,1,0.565,4.92,0.85,3,0.603
CCCC1CCCC1C2CCNC3=CC=CC=C3C4=C2CCCC4CCCC,379.63,8.08,1,1,0.526,5.627,0.85,3,0.567
CCCNC(=O)CCCCC1C(C)CCCC1C2=CC=CC=C2OC=C(OC)C,401.59,6.18,1,3,0.356,4.463,0.75,3,0.533
COC=CC=CC1=C2C=CC=C1C=C3C=CC(F)C=C3CC2C=C,320.41,5.75,0,1,0.39,4.885,0.95,3,0.534
CC=CC=CC(C(=O)NC12CCCC1CC3=C2C=CC)=C3C=CC#C,331.46,4.55,1,1,0.594,4.92,0.85,4,0.69
CCOC(=O)C=CC1=C(O)C(=O)C2=CC=CC=C2N1C=CC3=CC=CC=C3,361.4,3.91,1,5,0.553,4.991,0.65,4,0.671
C1C=CC=C1C=CC=CC2=CC=CC=C2CC=CC=CO,276.38,5.31,1,1,0.551,4.04,0.85,3,0.624
CCCCC(C)CC1C2CCCCC3CC(C)CCC3CCC2C=C1CCCC,400.74,9.59,0,0,0.356,4.96,1.0,3,0.518
CC(=O)NC=C(C)CC1=C(N)N=C(C2)CC=C3C=C2N1C=C3C=C,322.41,2.99,2,4,0.836,5.26,0.6,4,0.776
CCCCNC(=O)CCCC1CCCCC2CCCCC23C=C1C(F)C=C3,375.57,6.27,1,1,0.412,5.102,0.85,3,0.537
CC=CC1=C(Cl)NC(Cl)=C1C(=O)NCCC2CCCCC2C=C,355.31,5.47,2,1,0.653,4.642,0.75,3,0.647
CC=C1C=C(C=CC=CC=C(C2)N=C(C)CC=C2C)C1=C,277.41,5.63,0,1,0.468,4.183,0.95,3,0.587
CC(C)C(=O)N1CC2=CC=C(F)C=C2C3=CC=CC=C3C1C=C,309.38,4.72,0,1,0.735,4.981,0.95,4,0.745
CCCCCCCCCC1CCCC1C#N,221.39,5.07,0,1,0.525,3.428,0.95,3,0.632
CCC=CC=CCCC(=O)NCC1CCCC2CCCC3C2C=CC=C3C=C1C,393.62,6.68,1,1,0.48,5.063,0.85,3,0.565
CC1=CC=C(CC2=CC=CC3=C2CC4=CC=CC=C4)CC3=C1,284.4,5.49,0,0,0.683,5.28,1.0,3,0.64
O=C(CC1=C2C=CC=C1C=O)NC3CCCCC3CC2CC(C)CCCC,369.55,5.42,1,2,0.681,4.991,0.8,3,0.647
CCOC(=O)C=C1C=C(Cl)CC(=O)OCC(O)C2(C)CCCCC21,356.85,3.1,1,5,0.608,4.285,0.65,4,0.714
CCCCCNCCCCCCCCCC1CCCCC1C(C)=O,337.59,6.28,1,2,0.356,3.685,0.8,3,0.557
CC(C1)(C)C=CC=C1C(=O)NCC2CCCCC2C(=O)N(C)CCCC,360.54,4.08,1,2,0.744,4.471,0.8,4,0.763
CCOC(=O)C(C)(C)CCCC(=O)NC=CC1=CC=C(Cl)C=C1C=C,363.89,4.83,1,3,0.639,3.84,0.75,4,0.74
CC(C)CCNC(=O)NC1CCCCC1CCNC(=O)C2=CC=CC=C2C,373.54,4.02,3,2,0.644,4.613,0.6,4,0.719
C1OC=CC=C1C=CC2=CC=CC=C2,184.24,3.17,0,1,0.686,3.76,0.95,4,0.761
COC1=CC=CC=C1C2=CC=CC=C2NC3CCCOC3C4=CC=CC=C4C=CC=CC,425.57,7.28,1,3,0.403,5.774,0.75,3,0.513
CCOC(=O)C1=C(O)CCCC2CC(C)CCC2C=C1,278.39,4.15,1,3,0.772,4.0,0.75,4,0.789
CNCCNC1=C2C=C3C=C1C(=O)N(OC)C2C=C4C=CC(F)C=C4C3,355.41,2.69,2,4,0.798,5.902,0.6,4,0.742
CCCCCCN1C(=O)C=CC2=CC=CC=C2C3=C1C=CC4=CC=CC=C4C3C=C,395.55,6.83,0,1,0.388,5.7,0.95,3,0.509
CC1CC2NC(C)CC2C=C3C=CC1(C4=CC=CC=C4C)O3,295.43,4.07,1,2,0.843,5.416,0.8,4,0.775
CCCCCCCCC1CCC2CCCCC3C4CCC3CC=C4C=C2C1,368.65,8.63,0,0,0.394,5.48,1.0,3,0.518
CC(C)CCCCC1CCCCC1C(=O)NCC2CCCCC2C=CC#C,371.61,6.12,1,1,0.384,4.391,0.85,3,0.547
CCOC(=O)C1C2=CC3=CC=C2C4=CC=CC=C4C3C=CC=C(OC)C1C,360.45,5.18,0,3,0.707,6.08,0.85,3,0.626
CC=NC1=CC=CC=C1C2(C)CCC=C(Cl)C2NC=CC3=CC=C(Cl)C=C3,399.37,6.87,1,2,0.546,5.324,0.8,3,0.583
CCCNC(=O)N1CCCCC1C2=CC=CC3=C2NCC4CC=CC=C43,351.49,4.72,2,2,0.828,5.786,0.7,4,0.757
CCNC(=O)C=CC1=CC=C(Br)C=C1CCCCC2CCC(C)C=C2C(=O)N,447.42,4.77,2,2,0.423,4.641,0.7,4,0.63
CCNC1=CC=CC=C1C(=O)NC=CC2=CC=CC3=C2C=CO3,306.37,4.27,2,3,0.74,4.981,0.65,4,0.747
CC(C)CNC(=O)C1=CC=CC=C1C2=CC=C(F)C=C2C3=CC=CC=C3C,361.46,5.85,1,1,0.606,5.102,0.85,3,0.614
CC(C)CC1=CC=CC2=C1C3=CC=CC=C3O2,224.3,4.78,0,1,0.61,4.48,0.95,4,0.71
CC1OC(=O)C2=CC=CC=C2C=C1C3CCCCC3C(C)=O,298.38,4.02,0,3,0.774,4.68,0.85,4,0.769
CC1=CC=C(Cl)C=C1CCC2C3CCC4CC3CCC4CC2C5CCCCC5,399.06,8.24,0,0,0.478,6.227,1.0,3,0.53
CCCCC(C)CCC1C2CCCC1C=NC3=CC=CC=C3O2,313.49,6.17,0,2,0.615,4.85,0.9,3,0.625
CC(C)CC1=C2C=CC=C1CC=CC=CCC2CC=NC3=CC=CC(C)=C3,357.54,7.13,0,1,0.505,4.991,0.95,3,0.577
CC1=CC=CC=C1C2=C3N=C(Cl)C=C2NCC4CCCCC4CC3=C,352.91,6.35,1,2,0.605,5.76,0.8,3,0.594
CCCCNC(=O)C1=CC2=CC=C1C(O3)=CC=CC4=C3CC2CC4C,335.45,4.93,1,2,0.793,6.12,0.8,4,0.734
CC(C)CCCCCCCCC1CCC2CC1C3=CC=CC=C3C2=O,340.55,7.16,0,1,0.436,4.8,0.95,3,0.555
CC=C1C=C(C)C=C1NC(=O)CCCC2=CC=CC=C2C3=CC=CC=C3C=CC=C,395.55,6.78,1,1,0.49,5.1,0.85,3,0.568
CCCCCCCNC(=O)CCCCCC1CCCC2C1C3=CC=CC=C3C2=C,395.63,7.25,1,1,0.371,5.063,0.85,3,0.521
CCCCNC(=O)C1=CC=CC=C1C(=O)NCCC2=CC=C(Cl)C=C2NC=CC=C,425.96,4.95,3,3,0.352,4.8,0.55,4,0.597
CNC=CC=CCCCN1CC2C3=CC=CC=C3C1C4=CC=CC=C4C2,344.5,4.8,1,2,0.598,6.271,0.8,4,0.651
CC=CC=C(CCCC12CCCC34CCCC35CC4C=C1)C5C=C2,320.52,6.76,0,0,0.468,5.96,1.0,3,0.533
CCCCC(C)CCCC1CCCC2CC3CCCCC3C=C2CC1=CC=C,382.68,9.04,0,0,0.367,4.92,1.0,3,0.524
O=C(O)C=CC=C(C1=CC2=CC=CC3=C2C=CC=C3C1C=CC)C,316.4,5.48,1,1,0.46,4.76,0.85,3,0.566
CCCCCCCNC(=O)CCC1CC(=O)N2CCCN2C=C1C(C)CC=C,389.58,4.42,1,3,0.397,4.641,0.75,4,0.62
CCCCC1CC2CCC3CCCC3C1C=CC4=CC=CC5=C4C=C2C=C5C,372.6,8.28,0,0,0.508,6.12,1.0,3,0.545
CCC(C1)CN(C)CC=C1C=CC2=CC=CC=C2C(C)CC(C)CCCCC,381.65,7.7,0,1,0.375,4.427,0.95,3,0.542
CC=C(F)C=C(Cl)C=CC1=CC=C2C=C1C(=O)C3=CC=CC=C3C2,338.81,5.83,0,1,0.549,5.01,0.95,3,0.594
COC1=C2C=CC=C1C3=CC=CC=C3C=C2C4=CC=C(Cl)C=C4C(=O)NC,375.86,5.28,1,2,0.529,5.702,0.8,3,0.565
CC1=CC=CC=C1CCCCCNCCCC2C3CCC2CC(OC)=C3C(F)=C,399.59,6.51,1,2,0.405,5.167,0.8,3,0.532
CN(C1)CC=CC=C1C2=CC=C3C=C2NC4CCCCC4CC3CCCCCC,392.63,7.0,1,2,0.524,5.767,0.8,3,0.562
CCCCCCCCC1CC23CCC4C2C=C3C1C(=O)C5=CC=CC=C5C4,362.56,6.76,0,1,0.386,6.08,0.95,3,0.497
COC=CC(COCCC1C2CC3CC1CCC3CC2)=O,292.42,3.58,0,3,0.409,4.64,0.85,4,0.624
CC1=CC=CC=C1NC(=O)C2=CC=CC=C2C=CC=CC3=CC=CC=C3C=O,367.45,5.79,1,2,0.443,5.027,0.8,3,0.551
C1C=CC=C1C=CC2=C3C=CC=C2OCCCCCC3CCCC,322.49,6.81,0,1,0.578,4.76,0.95,3,0.613
CC1=CC=CC=C1C(=O)NCC2CCC34CCC5CC3=C2CC5CCC4CC,377.57,6.06,1,1,0.635,6.227,0.85,3,0.592
CCOC(=O)C=CC1=CC=CC=C1C(=O)NC(C2)CCCC=C2C=C,339.44,4.05,1,3,0.628,4.32,0.75,4,0.722
CC1(C)C(C)CC1(C=CC2=CC=C(Cl)C=C2F)C=C,278.8,5.73,0,0,0.619,4.276,1.0,3,0.644
CC=CC1=C(C2CNC(=O)CCCC3NCCCC3)C=C2C=C(OC)C1,356.51,3.78,2,3,0.696,5.071,0.65,4,0.726
COC=CC=C(NC(=O)C1=CC2=C(Cl)C=C1C3=C)C=CC=C3O2,327.77,2.76,1,3,0.736,5.581,0.75,4,0.727
CC1=CC=CC=C1N2C(=O)C3=C4C=CC=C3NC5=CC=CC=C5C4C=C2O,354.41,5.24,2,3,0.628,6.302,0.65,3,0.587
CCOC(=O)C=CC=CC=C(C1=CC2=CC=C13)CCCCC3=C2C=CC,346.47,6.1,0,2,0.372,5.44,0.9,3,0.51
CC=CC=C(CNC(=O)C=CC1=CC=CC=C1C2=CC=CC=C2)C=CC=C(Cl)C,403.95,6.68,1,1,0.386,4.567,0.85,3,0.542
CC=CC=CC(CCN1C(=O)C2=CC=C(Cl)C=C2)C=C1C3CCCCC3=N,382.94,6.03,1,2,0.635,5.213,0.8,3,0.622
CC1=CC=C(Cl)C=C1NC(=O)COC=CC2=CC=CC=C2CNC(=O)CC,386.88,4.3,2,3,0.664,4.613,0.65,4,0.727
CCCCCCCCC1CCC2CCCC3CCCCC3=C2C=CC(OC)=C1,384.65,8.52,0,1,0.381,4.92,0.95,3,0.53
COC=CC=CC1=C2C=CC3=C1C4=CC=C5N=C4CCC5CC=C3N2,328.42,5.12,1,3,0.627,6.24,0.75,3,0.589
CC=CC=NC1=CC=CC=C1NC(=O)CC2C3C4CCCC5C4C=C2CC5C3,374.53,5.92,1,2,0.504,6.334,0.8,3,0.537
O=C(O)CCCC1C2CCCCN2CCCC3CC=CC(Cl)=C3C=C1,363.93,5.13,1,2,0.752,5.04,0.8,3,0.675
C1C=CC=C1C(=O)N2CCCCC2C=CC=CC=CC=C,281.4,4.11,0,1,0.694,4.183,0.95,4,0.752
CC=CC(C1)=CC=CC=C1N2C=C(C3=CC=CC=C3)C4C2C=CC=C4C,339.48,6.19,0,1,0.634,5.555,0.95,3,0.612
CCC1NC(=O)C=CC=C(N2CCC3=CC=C(Cl)C=C3C2C)C1,330.86,4.0,1,2,0.889,5.111,0.8,4,0.802
CC1=CC=CC=C1CC(=O)N2C(=O)C3=CC=CC=C3C2=O,279.3,2.36,0,3,0.793,4.783,0.85,4,0.774
CC=CC=C(CN1C(=O)C2=CC3=CC=CC=C3C=C1C4)CC=CC=C4C=C2,353.47,5.6,0,1,0.643,5.591,0.95,3,0.615
COC=CC=C(C1=CC(C2=CC=CC=C2)=C1NC(=O)C3=CC=CC=C3)C,343.43,4.87,1,2,0.6,4.955,0.8,4,0.691
C1C(C)CC2CC(C)=CC=C2CC1C3=CC=CC=C3C(=O)NC=CC,335.49,5.75,1,1,0.749,4.92,0.85,3,0.677
CC=CC=C(NC(=O)C1=CC=C(Cl)C=C1C=C)C=CC2=CC=CC=C2C,363.89,6.19,1,1,0.608,4.471,0.85,3,0.634
CC=CC=CC(=O)N1CCCNC=CC2=CC=C(Cl)C=C2S1,334.87,4.27,1,3,0.498,4.489,0.75,4,0.664
CC1=CC=CC=C1CC2CC3CCCCC3CC2C=CC4=CC=C(F)C=C4C#C,386.55,7.2,0,0,0.487,5.663,1.0,3,0.55
CC(C)CC12CCCCC1N3CCC(C)CC3C=C2C4=CC=CC=C4C,351.58,6.47,0,1,0.603,5.555,0.95,3,0.6
C1C=CC2=CC=C(C(=O)C3=CC=CC=C3C21C=CC4=CC=CF)C=C4,328.39,5.47,0,1,0.668,6.12,0.95,3,0.609
O=C(O)CC1=CC=CC=C1OC2=CC=CC(Cl)=C2N3CCC=C(Cl)C3C,392.28,5.48,1,3,0.732,5.186,0.75,3,0.662
CC=CC=C(NC(=O)C=CC1=C(O)C=CC=C1N2CCCCC2)C,326.44,3.99,2,3,0.635,4.41,0.65,4,0.722
COC=CC=C(C(=O)NC(=O)C1CC2=CC=C1C3=CC=CC)C3C2C=CC,363.46,3.93,1,3,0.356,5.591,0.75,4,0.575
CCCC1NC2=C3C=C(Cl)C=C2C=CC4=CC=CC=C4C=C3C=C1,333.86,6.51,1,1,0.66,5.61,0.85,3,0.621
CC(C)C1=CC=C2C=C1NC(=O)C3=CC=CC=C3C2C4=CC=C(Cl)C=C4,361.87,6.21,1,1,0.577,5.671,0.85,3,0.586
CC(C)CCCCCCCCC1C2C=C3C=C1C4=CC=CC=C4N3CCCC2CC,405.67,8.62,0,1,0.352,5.7,0.95,3,0.495
COC1=CC=CC=C1NC(=O)CN(C)CCC2CCCCC2C(C)C=CC=CC=C,410.6,5.7,1,3,0.476,4.6,0.75,3,0.577
CC=CC=C(C=CC1=C2C=C(Cl)C=C1C3=CC=CC=C3)C2=O,306.79,5.72,0,1,0.649,4.816,0.95,3,0.64
COC=CC=C(C(=O)NC1CC2C3NCCC3CC2C4=CC)CN=C4C=C1,367.49,2.53,2,4,0.582,5.813,0.6,4,0.659
CNC=CC=C(CNC(=O)C=NC1=CC=CC=C1N=C2C=CC(Cl)C=C2)C,382.9,3.99,2,4,0.425,4.836,0.6,4,0.625
CCCCNC(=O)CCC1CC2CCC1CC23C(=O)OC4=CC=CC=C4CC3,383.53,4.66,1,3,0.442,6.227,0.75,4,0.59
O=C(CCCCC1NCC2CCCCC2CCC)C1=O,279.42,3.26,1,3,0.62,4.15,0.75,4,0.724
CC=CC=C(CCCN1C(=O)CCC2NCCCC23CCCCC3)C=C1,356.55,5.11,1,2,0.759,5.071,0.8,3,0.677
CCOC(=O)CC1=CC=CC2=C1C3=CC=CC=C3CC2=O,280.32,3.2,0,3,0.811,4.64,0.85,4,0.785
CC(C)CCCC1CCCC2CC3CC4CCC(C)CC4C=C2C=C3C=C1,366.63,8.11,0,0,0.471,6.08,1.0,3,0.531
COC1=CC=C(Cl)C=C1C=CC2=CC=C3C=C2C4=CC=CC=C4C3=O,346.81,5.73,0,2,0.443,5.52,0.9,3,0.536
C1OC=CC=C1C2=CC=C(Cl)C=C2C(C)C(O)C(OC)CCCC,350.89,4.94,1,3,0.721,4.285,0.75,4,0.76
CCOC(=O)C1=CC=C(Cl)C=C1NC(=O)C=CC2=CC=CC=C2C=O,357.79,3.98,1,4,0.482,4.44,0.7,4,0.66
C1OC=CC=C1C=CC2=CC=C(Cl)C=C2C3=CC=C(Br)C=C3C=C,399.72,6.9,0,1,0.543,5.01,0.95,3,0.592
CCCCCCC(C)C1CC=CC=C1CC2NC(=O)CCC3CCCCC3=C2N,398.64,6.17,2,2,0.481,5.167,0.7,3,0.562
CCCCCCCCCCC1CCC2(C)C(C)CCC2C3=CC=CC=C3NC1C,397.69,8.95,1,1,0.41,5.063,0.85,3,0.537
CC(C1C2(C)C=CC=C23)CC1C4CCCCC4C3=O,256.39,4.15,0,1,0.636,5.16,0.95,4,0.7
CC(C)OC1=CC=CC=C1NCCNCCCCNC2CCCCC2C3=CC=CC=C3,423.65,5.57,3,4,0.369,5.33,0.5,3,0.513
CCCNC(=O)C=CC1=CC=CC=C1CCN(CC2=CC=CC=C23)CC=CC=C3O,402.54,4.74,2,3,0.658,5.2,0.65,4,0.707
CCCNC(=O)C=CC=C(OC1)CC=CC=C1C2=CNC(C)(C)C=C2C,354.49,4.07,2,3,0.732,4.471,0.65,4,0.759
C1CCC=CC1(CNC(=O)C2=CC=CC=C2CC=CC=C)C=CC3=CC=CC=C3,383.54,6.14,1,1,0.43,5.063,0.85,3,0.545
CC=CC=C(N1C(=O)C(O)CC2=CC=CCl)C=C2C3C1CCCC3C,359.9,4.46,1,2,0.79,5.04,0.8,4,0.765
CCC=CC=C(C(=O)C1=CC=CC=C1C2=CC=CC=C2CC3=CC=C)C=C3,352.48,6.65,0,1,0.565,4.88,0.95,3,0.605
CCOC(=O)C1=CC=C(Cl)C=C1C=CC2=CC=C(Cl)C=C2CNC(=O)N,393.27,4.51,2,3,0.56,4.702,0.65,4,0.683
CCOC(=O)C=CC=C(S1)C2=NC=C(F)C=C2CCCC3C1C=CC=C3C=C,397.52,5.42,0,4,0.502,5.134,0.8,3,0.572
CC(C)C=CC1(C(=O)NCC2CCCCC2CC1)C3=CC=C(F)C=C3,343.49,4.99,1,1,0.77,5.04,0.85,4,0.757
CC=CC=CC=C(C=CC1=CC=C(Cl)C=C1NC(=O)C2=CC=CC=C2)CC=CC,403.95,7.63,1,1,0.356,4.567,0.85,3,0.53
CC=CC=C(CC=O)CCCC(C)CCCC,236.4,5.07,0,1,0.382,2.562,0.95,3,0.601
CC=CC=C(C(=O)C=CC1=CC=C2C=C1C=CC=C(OC)C2)C=CCC,346.47,5.84,0,2,0.458,4.24,0.9,3,0.581
COC=CC=C(NC(=O)C(C)C1(C)CCCC1C=C)C=C,289.42,3.96,1,2,0.437,3.583,0.8,4,0.668
CC=CC(C)=CC1=CC=CC2=C3C=CC=C2C4=CC=CC=C4C=C3C1,322.45,7.07,0,0,0.518,5.4,1.0,3,0.57
CC1=CC=C2C=C1CC3CCC4CC3=NC5=CC=CC=C5C=C4C2,313.44,5.68,0,1,0.593,6.085,0.95,3,0.58
C1C(C)NC=C1C=CC2=CC=CC=C2CCCC,241.38,4.31,1,1,0.81,4.087,0.85,4,0.801
O=C(O)CCN(C)C=CC=CC1=CC=C(C2)C=C1CC=C2C,297.4,3.66,1,2,0.643,4.216,0.8,4,0.731
COC1=CC=CC(Cl)=C1C2=CC=CC=C2C3=CC=CC=C3C(=O)NC(=O)CC,393.87,5.35,1,3,0.635,5.134,0.75,3,0.625
CC=CC=C(CCCCC1C(C)C=CC=C1C2CC)CC2C3=CC=CC=C3C=C,386.62,8.65,0,0,0.485,4.96,1.0,3,0.57
CCOC(=O)C=CC1=CC=C(Cl)C=C1C(=O)NC2=CC=CC=C2CC=CC=C,395.89,5.45,1,3,0.367,4.534,0.75,3,0.536
CC=CC=C(CCC=C1C=CC(Cl)C=C1C2=CC=CCl)C=C2C(=O)N,374.31,5.4,1,1,0.66,4.56,0.85,3,0.652
CCOC(=O)NC1=CC2=CC3=CC=C2C=C13,213.24,3.44,1,2,0.708,5.828,0.8,4,0.708
CCOC(=O)C(NC1=CC=CC=C1CO)C2=CC=CC=C2C=O,313.35,2.71,2,5,0.607,4.25,0.55,4,0.715
CC=CC=C(C1=CC2=CC=CC3=C2C(O)CCC3C)CC1CC=CC=CC=CC,386.58,7.6,1,1,0.499,4.96,0.85,3,0.576
C1OC=CC=C1C(=O)NCCC(=O)NC2CC=CC=C2C,288.35,1.35,2,3,0.802,4.326,0.65,4,0.791
CC(C1)CC=CC=C1C2=CC=CC=C2C3=CC=CC=C3C4=CC=CC=C4C=C,362.52,8.03,0,0,0.44,5.52,1.0,3,0.536
CCC(C)C(C)C1CCCC2(C)CCCC2C=C1CC3=CC=CC=C3C,352.61,7.75,0,0,0.475,4.84,1.0,3,0.57
O=C(C1=CC=C(CC=C1NC(=O)C2=CC)C)C=C2C3=CC=CC=C3C#C,341.41,3.86,1,2,0.623,4.955,0.8,4,0.7
CC(C)CCCCCCCCCCC1CCC2CCCCC2C1=O,334.59,7.33,0,1,0.361,4.16,0.95,3,0.545
CC=CC=CCC=CC1=CC=CC=C1C(=O)NCC2CCCCC2CCC,365.56,6.56,1,1,0.493,4.391,0.85,3,0.591
O=C(O)C1=CC=CC(O2)C=C1N3C(=O)C=CC4=CC=CC=C4C=C3C=C2,345.35,3.26,1,3,0.848,5.555,0.75,4,0.773
CCCCNC(=O)C(O)C=CC=CC1=CC=C(Cl)C=C1C=CC,333.86,4.22,2,2,0.552,3.781,0.7,4,0.708
CC(C)C1CCCCCC1C2C3(C)CCC=C2C4=CC=CC=C4C3C=C,348.57,7.62,0,0,0.389,5.44,1.0,3,0.517
CC=CC=C(C=CC1=CC=C(Cl)C(F)(F)F)C1C(=O)NC=CC,343.78,4.94,1,1,0.77,4.172,0.85,4,0.783
O=C(O)CC=CC=CNCCC(=O)C1=CC=CC=C1C2=CC=CC=C2C=C,361.44,4.7,2,3,0.366,4.391,0.65,4,0.614
NC(=O)C=C1C=C(C2=CC=C(Br)C=C2CCC1C)CC3CCCCC3CC,430.43,6.43,1,1,0.55,5.102,0.85,3,0.592
CCCC=1NC2=CC=C(Cl)C=C2C=1C3C4CCC5C3COCC5CC4C,371.95,6.19,1,1,0.684,6.271,0.85,3,0.61
CC(C)C(C)CCC1C2CCCCC2C=NC(C)(C)CC=CC1C#C,341.58,6.54,0,1,0.406,4.32,0.95,3,0.558
COC=CC1=C(O)C2=CC=CC=C2C1C(=O)NC3CCCCC3C=C,339.44,4.07,2,3,0.628,4.92,0.65,4,0.704
CC=C(O)C1=CC=CC=C1NCCC2CC3CCCCC3CC2C(C)CCC,383.62,7.68,2,2,0.451,5.027,0.7,3,0.555
CC=CC=CCC=O,110.16,1.71,0,1,0.399,2.07,0.95,4,0.697
CCOC(=O)CCCC12CCCC=C1C3=CC=CC=C3C2C=CC=C(Cl)C=C,396.96,6.94,0,2,0.351,5.027,0.9,3,0.515
CCOC(=O)C1=CC=C(Cl)C=C1C=C(F)CC=CC2=CC=CC=C2C,358.84,6.24,0,2,0.571,4.44,0.9,3,0.62
CC(=O)NCCCN(CCCCC1C2CCCC1N(C)CC)CC2CCC,379.63,4.15,1,3,0.644,4.613,0.75,4,0.719
CCN(CC)CCCCC(=O)NC12CCCCC1CC3=NC=CC=C3C2C=C,383.58,4.46,1,3,0.506,5.241,0.75,4,0.645
COC=C1C=C(CNC(=O)CC2=CC=CC=C2C1)NCCC(=O)NCCCCC,399.54,2.6,3,4,0.441,4.67,0.5,4,0.636
COC=C1C=CC=C(C)C1NC2=CC=CC=C2N3CCCC3CCC=C,350.51,5.45,1,3,0.523,5.071,0.75,3,0.582
CCN(CC)CCCCCCCCC1CCCCC1C=O,295.51,5.06,0,2,0.37,3.583,0.9,3,0.566
CCCCCCCCCCCC1C2C3CCCC2C4=CC=CC=C4N3O1,355.57,6.99,0,2,0.419,5.555,0.9,3,0.526
CCCCCCCCCN1CC=C2C=C1C3=CC=C4C=C3C2C5=CC=CC=C5C4C,397.61,7.63,0,1,0.414,6.3,0.95,3,0.502
COC=CC=C(C=CC1=CC=CC=C1C2CCC3CCCCC3)C2=O,336.48,5.81,0,2,0.501,4.8,0.9,3,0.581
C1C=CC=C1C=CC=C(C)C(C(=O)C=CC=CCC)=CCC,294.44,5.8,0,1,0.408,3.48,0.95,3,0.584
CCCC1CCC2CC(C)(C)C=C2N3C=CC=CC=C3C=C1C,309.5,6.34,0,1,0.575,4.85,0.95,3,0.609
CCNC(=O)C1=CC=C2C=C1C3=CC=CC=C3CC2=O,265.31,2.84,1,2,0.907,4.75,0.8,4,0.82
CCCNC(=O)C1=CC=CC=C1OCCCNC(=O)C=C2C(C)C(C)C=C2C,384.52,3.87,2,3,0.502,4.534,0.65,4,0.665
C12C3=CC=C(C=O)C3C1C2,132.16,1.32,0,1,0.492,4.2,0.95,4,0.671
CC=CC=CC(C(=O)NC1CCCCC12C(=O)N3CCCC)C3C2=O,344.46,2.37,1,3,0.615,5.04,0.75,4,0.695
O=C(O)C1=CC=CC=C1OC=CC2=CC=C(Cl)C=C2C(=O)C3=CC=CC=C3C,392.84,5.63,1,3,0.436,5.027,0.75,3,0.549
CCCN(C1C=CC2=CC=C(C#N)C=C2CC3=CC)C(F)C=C3CC1,336.45,5.17,0,2,0.697,5.16,0.9,3,0.649
O=C(CCC1=NN=C(Cl)C=C1CNC)C2CC3CCC2CC3CC,349.91,3.81,1,4,0.813,5.86,0.7,4,0.749
CC(C)CC1=CC=CC=C1C(=O)NCCCCCC2CCCCC2C3=CC=CC=C3,405.63,7.15,1,1,0.418,5.1,0.85,3,0.539
CCC(C)CC(=O)NCC1=CC=CC=C1C(=O)N2CCCCC2C=CC=CC#C,392.54,4.48,1,2,0.524,4.567,0.8,4,0.673
CCCC1CCCCC1=O,140.23,2.55,0,1,0.576,3.0,0.95,4,0.74
C1C=CC=C1C=CC(O2)=CC=CC=C2OCC3=CC=CC=C3C=CC=CC=C,368.48,6.71,0,2,0.475,4.92,0.9,3,0.567
COC=CC=CC1(O)C=CC2=C1CNC3CCCCC3CC2C4=CC=CC=C4,377.53,4.64,2,3,0.593,5.627,0.65,4,0.669
CCCC(C)CCCC1CCCC2C1C3(C)CCCC3C2=O,304.52,6.01,0,1,0.587,4.68,0.95,3,0.619
CC=CC=CC=CCC1=CC=CO1,174.24,3.51,0,1,0.636,3.12,0.95,4,0.761
C1C=CC=C1NC=CC2=CC=C(Cl)C=C2C=CC=CC=CC=C,321.85,6.06,1,1,0.602,4.381,0.85,3,0.634
CC=CC=C(CNC(=O)C1=CC=CC=C1C(=O)NC)C2CCCC2CC=C,366.51,4.27,2,2,0.533,4.502,0.7,4,0.678
CC(C)CC1=CC=C(Cl)C=C1CC=CC2=C(C=CC=C2NC)C=O,341.88,5.65,1,2,0.659,4.41,0.8,3,0.656
C1COC=CC=C1C=CC2=C(Cl)C=CC=C2C3=CC=CC=C3CCC,350.89,6.83,0,1,0.574,4.92,0.95,3,0.607
C1C(C)CC=CC=C1CC(=O)NCC=CC2=CC=CC=C2C=C,307.44,4.76,1,1,0.806,4.25,0.85,4,0.795
CC(C)C1=NN=C(O2)C3=CC=CC=C3C4=CC=CC=C4CC2=C1,302.38,4.58,0,3,0.759,5.581,0.85,4,0.736
CC=NC=CC=C(O)C1=CC=CC=C1CC(C2)CCCCC2=O,311.43,4.88,1,3,0.364,4.25,0.75,4,0.618
COC=CC=C(C(=O)NCCCN(C12)CCCCC13CCCC)C3CC2C,374.57,4.28,1,3,0.577,5.102,0.75,4,0.678
CC=CC=CC=CC(=O)N1CC(C)CC1C2=C3C=CC=C2C(C)C3C,335.49,5.51,0,1,0.525,4.92,0.95,3,0.587
O=C(O)C=CC=CC=C(O)C=CC=CN1CC2CCC(C)(C)CC2=C1C,355.48,5.11,2,3,0.395,4.355,0.65,3,0.552
CC=CC=C(C=CC=C(C1=CC=CC=C1)C2(C)CCC)CC2CC=O,334.5,6.54,0,1,0.539,4.2,0.95,3,0.615
CCCCCCCCCNC(=O)C1=CC=CC=C1C2(C)C(O)C(O)C=C2CC,387.56,4.5,3,3,0.387,4.427,0.55,4,0.622
COC=CC=C(C(=O)C=C(C1)CCC2CC13CCC2CCCC3)C=C,340.51,5.92,0,2,0.353,4.8,0.9,3,0.522
COC=CC=CC(=O)NC1CCCC2CC=CC=C2CCC1C,315.46,4.29,1,2,0.477,4.25,0.8,4,0.663
CCC1=CC=CC=C1NC(=O)C2=CC=CC=C2C3=CC=CC=C3C4=CC=CC=C4C,391.51,7.14,1,1,0.385,5.7,0.85,3,0.508
CCCCCCC1CC=CC=C1OC2=C3C=CC=C2C4=CC=CC=C43,330.47,7.14,0,1,0.418,5.4,0.95,3,0.53
CC=C1C=C(NC(=O)C=CC2=CC=C(Cl)C=C2CC)C1,287.79,4.27,1,1,0.824,4.3,0.85,4,0.8
CCOC(=O)C1=C(O)CCC2CCCCC2C3=CC=C(F)C=C3CC1,346.44,5.2,1,3,0.749,4.92,0.75,3,0.677
CCC1=CC=C(CC2C(C)CCC2=O)CC1C=CC#C,268.4,4.46,0,1,0.688,4.0,0.95,4,0.755
CC=CC=C(C=CC1=CC=CC=C1C(=O)NC=O)C2=CC=C(F)C=C2C=C,361.42,5.03,1,2,0.555,4.502,0.8,3,0.612
CCN(CC)CCCCCCC1CCCCC1=O,253.43,4.04,0,2,0.578,3.487,0.9,4,0.727
CC=CC1=C(CNC(=O)C=CC2=CC=C(F)C=C2)C1=NC3=CC=CC=C3C,360.43,4.6,1,2,0.641,5.213,0.8,4,0.7
COC=CC=C(CCC1CC2CC3CCC2=O)C13,246.35,3.49,0,2,0.697,4.52,0.9,4,0.743
CCCCCCCCCC1C2CCCC3CC(C)CC3C4=C1C=CC=C4C=C2C,392.67,9.26,0,0,0.387,5.56,1.0,3,0.513
CCNCCCNC(=O)CCCCC12CCCCC3CCCCC3=C1C(=O)C=C2C,414.63,5.24,2,3,0.481,5.2,0.65,3,0.561
C1C=CC=C1CCNC(=O)CCCC(C)CCCCCCCC,319.53,5.94,1,1,0.395,3.65,0.85,3,0.573
C1CC=CC=CC1C(=O)NCCC2=CC=NC=C2C3=CC=CC=C3,318.42,3.93,1,2,0.907,5.01,0.8,4,0.813
CC1=CC=CC=C1C=CC(O2)=CC=CC=C2N3CCCCC3C(C)CCCC,377.57,7.0,0,2,0.507,5.027,0.9,3,0.577
COC=CC=C(NC(=O)C1=CC=C(Cl)C=C1CCC2CCC)CC2C=CC=CC,413.99,6.61,1,2,0.42,4.567,0.8,3,0.556
C1NC=CC=CC1(CNC(=O)C2=CC=CC=C2CCCC)C3=CC=CC=C3C=C,386.54,5.01,2,2,0.669,5.167,0.7,3,0.638
CC(=O)NC=CC1=CC2=CC3=C1CC4CC3CCC4CC2=CC,307.44,4.66,1,1,0.846,6.05,0.85,4,0.757
CC=CC=C(C1CCCC2CCCCC3CCCCC3CC2)C=C1,326.57,7.62,0,0,0.487,4.76,1.0,3,0.577
CCOC1=CC2=CC=C1OC3=CC=C(Cl)C=C3CC2C4=CC=CC=C4C=C,376.88,6.86,0,2,0.495,6.191,0.9,3,0.537
CC=CC=CSC=C1C=C(C2=CC=CC=C2)C=C1C=CC3=CC=CC=C3C=C,380.56,8.07,0,1,0.438,4.92,0.95,3,0.552
CC(C)CC1=CC=CC2=C1C=CC=C2,184.28,4.04,0,0,0.66,3.76,1.0,4,0.751
O=C(CC(=O)N1C=CC=CC2=CC=CC=C2C)C1CC(OC)=C,311.38,3.24,0,3,0.46,4.25,0.85,4,0.657
CCC1C(C2)=C3C=CC=C2C(=O)NC4=CC=CC=C4C=C1C=C3,301.39,4.8,1,1,0.793,5.45,0.85,4,0.754
C1OC=CC2=C1C=CC3=CC=CC=C3C2C4=CC=CC=C4C,286.37,4.99,0,1,0.717,5.28,0.95,4,0.728
COC=CC=C1C2C(=O)NCCC3NC(C)CCC3C2C1=C,302.42,2.15,2,3,0.769,4.953,0.65,4,0.759
COC1=CC=CC2=C1C=CC(Cl)=C2CCCC=CCC(C)CC=C,342.91,6.98,0,1,0.352,4.285,0.95,3,0.537
CCCCCC1C(C2)CC=CC=C2C3=CC4=CC=C3N=C1C5=CC=CC=C5C4,367.54,7.27,0,1,0.504,6.227,0.95,3,0.54
CC=CC=C(CCN1C(=O)C2=CC=CC=C2CC3=CC(C)C)C=C3N1,334.46,4.56,1,2,0.86,5.04,0.8,4,0.793
COC1=CC=C(Cl)C=C1C2=CC=C(F)C=C2C=CC=CC#C,312.77,5.36,0,1,0.545,4.353,0.95,3,0.613
COC=CC=C(CCC1=CC2=CC=C1C(Cl)=C2CC)OC=C,316.83,5.63,0,2,0.464,4.816,0.9,3,0.566
CCOC(=O)C=CCCCNCC1CNCCC1C(C)=O,296.41,1.29,2,5,0.381,3.726,0.55,4,0.641
CCOC(=O)C1=CC=CC=C1C(=O)NC2CCCCC2C(=O)NCCCCCCC,416.56,4.24,2,4,0.417,4.6,0.6,4,0.629
C1C=CC=C1C=CC2=CC=C(Cl)C=C2C3=C(Cl)C=CC=C3,313.23,6.56,0,0,0.602,4.926,1.0,3,0.618
CCN1C(C)=CC=C1C(=O)NC2CCC3CC2CCC3C=CC=CC=CC=C,378.56,5.6,1,2,0.616,5.134,0.8,3,0.617
CC=CC=C(CNC(=O)C1=CC=CC=C1C=CC2=CC=CC=C2C=C)C#C,353.47,5.37,1,1,0.405,4.391,0.85,3,0.555
CC1=CC=CC=C1CCCCC2CCC3CC2=NC4=CC=CC=C43,317.48,6.38,0,1,0.567,5.485,0.95,3,0.587
CC1=NC=CC=C1NC(=O)CCC2=CC3=CC=CC=C3C=C2C4=CC=CC=C4C=C,392.5,6.42,1,2,0.411,5.8,0.8,3,0.515
CNCCCCNC(=O)C1=CC2=CC=C1C3=CC=CC=C3C2C=CC=CC=C(Cl)C,420.98,5.78,2,2,0.398,5.9,0.7,3,0.507
CC=CC=CC(C(=O)NCCCCOCCC1CCCCC1=O)=C,333.47,3.74,1,3,0.356,3.685,0.75,4,0.632
COC=CC=CCNC(=O)C=CC1=CC=CC=C1CC2=CC=CC=C2CC,361.49,4.69,1,2,0.4,4.391,0.8,4,0.628
CC=CC=CC(NCCC1CCCC1C2=CC=C(F)C=C2)C3=CC=CC=C3CC,391.57,7.13,1,1,0.449,5.167,0.85,3,0.549
CCOC(=O)C=CC1=CC=C2C3=C1OCC2CCC4CCCCC4CC3=O,368.47,4.91,0,4,0.562,5.48,0.8,4,0.66
CC(CC)CCN(C=C1C=C(C2=CC=CC=C2C1CC3=C)C=C)C=C3C=C,357.54,7.01,0,1,0.529,4.991,0.95,3,0.587
CC=CC=C(C=CC1=CC2=CC=C1C3=CC=C(Cl)C=C3C2C=CC)CCF,378.92,7.9,0,0,0.354,5.702,1.0,3,0.495
CCOC(=O)C=CC1=CC=C2C=C1NCCC3OC4CCC3C=C24,325.41,3.64,1,4,0.681,6.085,0.7,4,0.69
CC(C)CCCC(C)C1CCNC(=O)C2=CC=CC=C2C1=CC=CC=C,351.53,6.02,1,1,0.598,4.355,0.85,3,0.633
CCCCCCC1CCCC2CCCC3CC4CC3C=C2CC4C=C1,340.6,7.7,0,0,0.355,5.4,1.0,3,0.505
CC(C)CCCCC1CCCC2C1C=CC=CN=C(NC3=CC=CC=C3)N2CCC,407.65,7.25,1,3,0.459,5.3,0.75,3,0.55
COC1=CC=CC=C1C(=O)NC2=CC=C3C=C2CCC4CCCCC4CC3,363.5,5.63,1,2,0.767,5.591,0.8,3,0.664
CCC=CC1=C(C(=O)N(C2)CC=CC=C2C1CN3C)CCCC3=C,324.47,3.83,0,2,0.77,5.01,0.9,4,0.758
CC1=CC=CC=C1C(=O)NC2=CC3=CC=C4C=C3CC5=CC=CC=C5CC4=N2,364.45,4.67,1,2,0.705,6.334,0.8,4,0.692
CCCCCC(C)C1C(C)CC2CCCCC2CCC1C3=CC=CC=C3C=C,380.66,8.87,0,0,0.414,4.92,1.0,3,0.543
CCC(C)CC1=CC=CC=C1C2=CC=CC=C2NC(=O)C(C)C3CCCCC3,377.57,7.1,1,1,0.548,5.027,0.85,3,0.593
COC=CC=C1C(=O)NCC2CCCC3CNC=CC=C3C2C1,314.43,2.67,2,3,0.608,4.981,0.65,4,0.694
CCCNC(=O)C=CC1=CC=CC(=C1)CC2CCCC3C2CCCC3CC=O,381.56,5.19,1,2,0.497,5.027,0.8,3,0.573
CC=C1C=CC(NC(=O)CC2CCC3(C)C=CC=C3C=C2)C=C1,307.44,4.4,1,1,0.822,4.85,0.85,4,0.783
COC=CC=C(C(=O)C=C1C2=CC=CC=C2CCCCCCC1C)C,338.49,5.89,0,2,0.389,4.2,0.9,3,0.554
CC(C)CCNC(=O)C=CC1=CC=CC2=C1NCCCC3CCCCC3C2,368.57,5.42,2,2,0.682,5.102,0.7,3,0.645
CCCCCCCCCC1CCCC2CCCCC2CC1=O,306.53,6.69,0,1,0.456,4.08,0.95,3,0.585
C1COC(=O)CSC2C(=O)NCCC3=CC=CC=C3C2=C1,303.38,1.79,1,4,0.743,4.783,0.7,4,0.754
CCCCCCCCC(C)C(=O)NC1=CC=C(F)C=C1C2=CC=CC=C2C=C,381.54,7.46,1,1,0.402,4.534,0.85,3,0.55
CC(C)CCCC1CCC=2CC1C3=CC=CC=C3C=2OCC(C4)CC=CC=C4,376.58,7.66,0,1,0.474,5.52,0.95,3,0.549
CCCCN1C(=O)CC2=CC3=CC=C2C4=NC=C(Cl)C=C4C3C=C1,338.84,4.55,0,2,0.822,6.335,0.9,4,0.739
CCOC(=O)C1=CC=CC=C1C2=CC=CC=C2C3=CC=CC=C3C=CC=C,354.45,6.4,0,2,0.378,4.88,0.9,3,0.53
CCOC(=O)NCC(C)C1=CC=CC=C1CCN(C2)CCCCC2CCC=C,386.58,5.15,1,3,0.566,4.534,0.75,3,0.615
CC=C1C=C(N2C(=O)C3=CC=C(Cl)C=C3C4C12)CCC4=C,297.79,4.44,0,1,0.648,5.526,0.95,4,0.694
CC(=O)NC1=CC=CC=C1C(=O)NCC2CCCCC2CC=C,314.43,3.76,2,2,0.786,4.381,0.7,4,0.783
O=C(O)C1=CC=CC=C1CC2NC(=O)C3=CC=CC=C3C4=CC=CC=C4C=C2,369.42,4.42,2,2,0.718,5.627,0.7,4,0.718
CCCCCCCC1C2CC=CC=C2CCC3CC=CC=C3NC=C1,337.55,6.82,1,1,0.524,4.92,0.85,3,0.587
CC1=CC=CC=C1C(=O)NC=CC2=CC=CC(=C2)C3=CC=CC=C3C(C)C,355.48,6.19,1,1,0.581,4.991,0.85,3,0.608
CCOC(=O)C=CC=C1CC=CC2=CC=C(Cl)C=C2CCC1C=CC=C,368.9,6.09,0,2,0.357,4.355,0.9,3,0.537
CC=CC=C(C=CC=CC1=CC=CC=C1C2CC3NC=CC=C3C=C2)CC=CC,381.56,7.18,1,1,0.389,5.063,0.85,3,0.529
COC=CC=C(C=C1C2=CC=CC3=C2CCCC4C5CCC4)C3C=C5C1,344.5,6.34,0,1,0.449,6.04,0.95,3,0.524
C1OC=CC=C1CNC(=O)C=CC2=CC=C(Cl)C=C2CC,303.79,3.5,1,2,0.846,4.326,0.8,4,0.808
COC=CC1=CNCCCCC=2CCCCC3C4CCC3CCC4C=2O1,357.54,5.66,1,3,0.647,5.555,0.75,3,0.617
CC(=O)NC1=CC=CC=C1NCC2=CC=CC3=C2C=CC=C3C=CC=C(Cl)C#C,400.91,6.18,2,2,0.383,5.27,0.7,3,0.52
CC=CC=C(C(=O)NCCOC1=CC=CC=C1C)C2=CC=CC=C2C(=O)NC=C,390.48,4.02,2,3,0.386,4.567,0.65,4,0.617
CC=CC=C(C=CC1=CC=CC=C1C2=CC(=O)N3CC=CC4)C3C2CCC4,357.5,5.56,0,1,0.603,5.591,0.95,3,0.598
C1OC=CC=C1C(=O)NCC2CCCCC2NCC,264.37,1.74,2,3,0.795,4.276,0.65,4,0.79
NCCCCCCCCC1CCCC1CC2CCCC3=C2CC4=CC=CC=C4C3=O,407.64,7.02,1,2,0.424,5.7,0.8,3,0.523
CCCCCCCCCC1CCCCC23CCCCC2C4=CC=CC=C4C3=C1C,392.67,9.45,0,0,0.386,5.56,1.0,3,0.513
CC1=CC=CC=C1CC23CCCCC2C4=CC=C(F)C=C4CC3C(C)CCC,378.58,7.63,0,0,0.502,5.627,1.0,3,0.557
COC1=CC=CC=C1CC23CC=CC=C2C(=O)NCCC4(C)C=CC=C4O3,363.46,3.86,1,3,0.887,5.591,0.75,4,0.787
CC1=CC=CC=C1C(=O)NCCC(C)CC2CC2C=CC=CC(O)=C(F)C=C,383.51,5.81,2,2,0.395,4.534,0.7,3,0.547
CC1=CC=CC=C1NC(=O)C2=CC3=C(Cl)C=C2C4CCCCC4C=C3C,365.9,6.59,1,1,0.638,6.271,0.85,3,0.592
C1OC=CC=C1CCNC(=O)C2=CC=CC=C2N=CC=CC=C,308.38,3.72,1,3,0.616,4.381,0.75,4,0.715
CCN(CC)CC1CCN(C)CC1CC2=CC=C(F)C=C2CCCCC#C,372.57,4.62,0,2,0.437,4.613,0.9,4,0.636
CCCCCN(CC(=O)C1=CC=CC=C1C2=CC=C)C=C2C(=O)NCCCCC,394.56,5.13,1,3,0.559,4.567,0.75,3,0.612
C1C=CC1C(=O)NC2CCC3CC2C=CC4=CC=CC=C4O3,295.38,3.32,1,2,0.85,5.416,0.8,4,0.778
C1C=CC=C1C=CC(Br)=CC=CC=CCCCC,305.26,6.01,0,0,0.399,3.487,1.0,3,0.58
CC(C)C(O)C1=CC=CC=C1NC2=CC=CC=C2OC3=CC=CC=C3C=C,359.47,6.55,2,3,0.502,4.991,0.65,3,0.576
CCOC(=O)C1=CC=CC=C1C2=CC=CC=C2C(=O)NC(=O)NCCCCC,382.46,4.16,2,4,0.53,4.534,0.6,4,0.676
CC=CC1=C(C=CC2=C(Cl)C=CC3=C2C1C=CC4=CC=CC=C4)C3C,344.89,7.15,0,0,0.554,6.12,1.0,3,0.563
CCOC(=O)C=C(Cl)CC=CC1=CC=CC=C1CCC=CC,318.84,5.28,0,2,0.37,3.616,0.9,3,0.564
CC=CC1=CC=CC=C1OCCC(O)CC=CC(=O)NCC2(C)C=CC=C2C,381.52,4.43,2,3,0.589,4.427,0.65,4,0.703
CC1=CC=CC=C1C2=CC=C(Cl)C=C2C=CC=C(N)CC3=CC=CC=C3C,373.93,6.72,1,1,0.493,5.102,0.85,3,0.569
CC=CC=C(C=CC=C(O)C1=CC=CC=C1CCC2CCCCC2C)OC,366.55,7.01,1,2,0.396,4.28,0.8,3,0.555
CN(C)C1=NC=CC=C1NC(=O)NCCC2OCCCC2CC=CC=CC=C,384.52,4.14,2,4,0.628,4.749,0.6,4,0.709
CC1=CC=CC=C1C(=O)C=CC2=CC=CC=C2C3=CC=CC=C3C=C,324.42,6.2,0,1,0.403,4.8,0.95,3,0.542
CCOC(=O)C1=C2C=CC=C1C3=CN=C(F)C=C32,243.24,3.04,0,3,0.513,4.853,0.85,4,0.659
CCN(C1=CC=CC=C1)C2=CC=CC=C2C3=CC=CC=C3CC=CC=CC,353.51,7.19,0,1,0.406,4.991,0.95,3,0.538
CC(C)CC1=CC=CC=C1NC(=O)CCC2=CC3=CC=C2C4=CC=CC=C4O3,371.48,6.23,1,2,0.436,6.227,0.8,3,0.513
CC(C)CCCCCCC1CCCCCC2CCCCC2=N1,305.55,6.95,0,1,0.451,4.216,0.95,3,0.579
CCCCCCCCCNC(=O)NCC12CC=CC=C1C3=CC=CC=C3C2C,380.58,6.18,2,1,0.467,5.134,0.75,3,0.558
CC=CC=C(SC(=O)N1C=CC2=CC=CC=C2CC3C1)CCCC3CC,367.56,6.65,0,2,0.583,4.955,0.9,3,0.609
CC=CC(=O)C1=CC=CC=C1NC(=O)C=CC2=C3C=CC4=C2C=CC=C4C3C,367.45,5.72,1,2,0.463,6.227,0.8,3,0.523
CC=CC1=CC=CC(F)=C1C=CC(C)=CC=CC2=CC=CC=C2CC=CC=C,370.51,7.82,0,0,0.416,4.427,1.0,3,0.558
CCOC(=O)SCC(=O)CC1NC(=O)C2=CC=CC3=C2C1CCC3=C,359.45,3.54,1,5,0.814,4.92,0.65,4,0.778
CC=CC1=C(C=CC2=CC=C(F)C=C2CC1C3=CC=CF)C=C3CC=CC,362.46,7.2,0,0,0.497,5.102,1.0,3,0.571
COC=C1C=C(CCC2NC(=O)CCCN3C=CC=C(C)C3C=C2)C=C1,352.48,3.77,1,3,0.618,5.071,0.75,4,0.695
O=CNC(=O)NCCCCCCCCCCCCC,270.42,3.75,2,2,0.395,2.971,0.7,4,0.669
CC=CC=C(C(CN)C(=O)C1=C2C=CC=C1)C3=CC=CC=C3C=C2CC,343.47,5.37,1,2,0.814,4.955,0.8,3,0.702
CCC=NC=C(C(=O)NC1=CC2=CC=CN2C=C1C3=CC=CC=C3)OC,347.42,4.51,1,4,0.405,5.186,0.7,4,0.606
CCOC1=CC=CC=C1C=C2C=CC(Br)C=C2C3=CC=CC=C3C4=CC=CC=C4,443.38,7.55,0,1,0.37,5.663,0.95,3,0.503
C1C=CC=C1NC(=O)CCCCC2CC=CC=C2C=CC=CC=C,321.46,5.31,1,1,0.452,4.285,0.85,3,0.577
CC1=CC=CC2=C1CN3CCCC4C3C(C)CCC4C=C2C,295.47,5.04,0,1,0.648,5.416,0.95,3,0.622
CC1=CC=CC=C1NC(=O)C2=CC=CC=C2C3=CC=CC=C3C=C,313.4,5.56,1,1,0.671,4.885,0.85,3,0.647
COC=CC1=C(CC=CC(C2=CC=CC=C2C1)NC3=CC)CC=C3C=C,345.49,5.7,1,2,0.561,4.955,0.8,3,0.601
CCCCCC(C)CCCC(C)CC1CCC2CCCCC2C1=O,334.59,7.18,0,1,0.386,4.16,0.95,3,0.555
CCC=NC(CN1C(=O)C2=CC3=CC=CC=C3N1)CC4=CC=CC=C4C=C2,357.46,4.36,1,3,0.812,5.813,0.75,4,0.75
COC=CC=C(C(=O)C1=CC=C(Cl)C=C1C2=CC=CC)C2C3=CC=CC=C3,376.88,6.37,0,2,0.458,4.991,0.9,3,0.558
CCOC=CC=CC=C(NC(=O)C1=CC=CC=C1CC2=CC=CC=C2)CC,361.49,5.41,1,2,0.479,4.391,0.8,3,0.585
O=C(C=CC1=CC=C2C=C1CNC3=CC=CC=C3C=C2C=O)OC=CC,345.4,4.44,1,4,0.385,4.955,0.7,4,0.605
CCOC(=O)C=CC1=C2C=CC=C1C3=CC=C(Cl)C=C32,284.74,4.56,0,2,0.52,4.75,0.9,4,0.666
CCCC(C)CCC1CCCCC12C=CC3=CC=CC=C3C=C2CC=CC=C(Cl)C,423.08,9.58,0,0,0.365,5.1,1.0,3,0.518
CC(C)CCCN(CCC1CCC2CCN(C)C3CCCCC3CC2C)C1,376.67,6.06,0,2,0.533,5.102,0.9,3,0.585
CCCCCNC(=O)C1=CC=CC=C1C=CC(F)F,267.32,3.88,1,1,0.746,3.834,0.85,4,0.783
O=C(O)CCCCC1CCC23CC1CCC24CC5CCCCC5C4C3,344.54,6.04,1,1,0.617,6.0,0.85,3,0.592
O=C(O)CCCCCCCCCC1CCCCC2CCCCC3CCCCC3CC2O1,434.71,8.3,1,2,0.352,5.04,0.8,3,0.514
C1OC=CC=C1N2CCCCC3CC=CC=C3CC24CCCCC4=C,337.51,5.66,0,2,0.572,5.52,0.9,3,0.588
COC1=CC=CC=C1NC(=O)CCCCCCC2(C)CCCCC2=O,345.48,5.12,1,3,0.632,4.32,0.75,3,0.648
CC=CC=C(NC1=CC=CC=C1CCNC2=CC=CC=C2CC)CCCC,362.56,6.97,2,2,0.422,4.502,0.7,3,0.559
COC1=CC=CC=C1NC(=O)C2=CC=CC=C2NCCCC3=CC=CC=C3C=C,386.5,5.64,2,3,0.468,5.167,0.65,3,0.557
COC=CC=C(N1C(=O)C2=CC=CC=C2N3CCC)CC3CCC=C1N,353.47,3.76,1,4,0.838,5.186,0.7,4,0.779
CCOC(=O)C=CC1=C(C)CC(=O)NCC2=CC=CC=C2C=C1C=C,337.42,3.71,1,3,0.673,4.32,0.75,4,0.74
C1OC=CC=C1CNC(=O)C=CC(O)=CC=CC=CC=C,285.34,2.87,2,3,0.429,3.583,0.65,4,0.664
CCOC1=CC=CC2=C1CCCC23C(=O)NC4=CC=CC5=C4C=C3CC5=C,357.45,5.11,1,2,0.811,6.191,0.8,3,0.664
CC1=CC=CC=C1C=C2C=C(C3=CC=CC=C3)C4=CC5=CC=CC=C5C4C2,346.47,7.05,0,0,0.466,6.08,1.0,3,0.529
CC1=CC=CC=C1C(=O)CNC2CC3CCC2=CN(C)CCC3CCC,354.54,4.57,1,3,0.76,5.671,0.75,4,0.734
CC(=O)N1C2=CC=CC=C2C=C1C(=O)NC3CCCCC3CCCCC#C,364.49,4.78,1,3,0.592,5.102,0.75,4,0.684
O=C(O)CCCC1CCC2(C)C=C1C(=O)NCC3(C)CCCC3CC2,347.5,4.3,2,2,0.797,4.92,0.7,4,0.771
COC=CC=C1C=CC=NC2=C(O)CC3CCCCC3C2C=C1,311.42,4.87,1,3,0.74,4.85,0.75,4,0.75
CCCCCC(OC)CCCCN1CCC(C2)CNCCCC2C=C1C=CF,394.62,5.83,1,3,0.446,4.641,0.75,3,0.564
C1COC2=CC=CC3=C2C=C(Cl)C=C3C4=C1CCCC4C5=CC=CC=C5C=C,386.92,7.64,0,1,0.439,6.227,0.95,3,0.514
CCCCNC(=O)C=CC1=CC=C2C=C1CC3=CC=C(F)C=C3C2CC,351.47,5.2,1,1,0.562,5.071,0.85,3,0.598
C1OC=CC=C1CCCCCN(C2)CC2=CC=COC,275.39,3.42,0,3,0.5,4.15,0.85,4,0.676
CCCCNC(=O)C1=CC=CC2=C1C=CC=C2C3=CC=CC=C3C4=CC=CC=C4C,393.53,7.01,1,1,0.351,5.7,0.85,3,0.494
C1C=CC=C1CC(C)CCCCC2CCCCC2=O,260.42,5.22,0,1,0.574,3.96,0.95,3,0.636
CCCCCN(C)CC12CCCC(C)C1CCCC3CCCCC3C=C2O,375.64,6.96,1,2,0.507,4.991,0.8,3,0.578
CCOC(=O)C1=CC=CC2=C1C(C3)CN2C=CC4=CC=CC=C4C3C=CC,359.47,5.5,0,3,0.535,5.591,0.85,3,0.571
CC=CC=C(C(=O)NC1=CC=C(C2=CC=CC=C2)CC1)C3=CC=CC=C3C,355.48,5.83,1,1,0.53,4.991,0.85,3,0.587
CCN(CC)CCCN(C)C=CC=CCC(=O)NCC=C(C)C=CC(Cl)=C,394.0,4.48,1,3,0.442,3.45,0.75,4,0.673
CC(=O)NCCCCCCCCC12CCC3C1CCCC3C2=O,319.49,4.25,1,2,0.646,4.85,0.8,4,0.713
CC(C)(C)C1=CC=CC=C1C=O,162.23,2.8,0,1,0.58,3.08,0.95,4,0.74
CC1=CC=CC=C1CCN(C2=CC=CC=C2)C(=O)NC3CCC4CC3CCC4,376.54,5.72,1,1,0.711,5.734,0.85,3,0.637
CCOC(=O)C1=CC2=CC3=C1C4=CC=CC=C4N2CC5=CC=CC=C5C=C3,353.42,5.67,0,3,0.556,6.191,0.85,3,0.562
COC=CC=C(NCCC1C(C)CC2CC=CC=C2C)C1C3CCCCC3,369.59,6.39,1,2,0.548,4.991,0.8,3,0.594
COC=CC1=C(C)C=C(F)C1NC(=O)NC=CC2=CC=CC3=C2C=CC=C3,364.42,4.82,2,2,0.747,5.213,0.7,4,0.743
O=C(CCCNC(=O)C1=CC=C(Cl)C=C1)C=CC2=CC=C(Cl)C=C2C,376.28,5.09,1,2,0.54,4.56,0.8,3,0.604
CC=CC=C(C=CC1=CC2=CC3=CC=C2C1C4=CC=CC)C4O3,300.4,5.5,0,1,0.7,5.92,0.95,3,0.627
CC=CC=C1C=CC(CC(=O)NCCCNC2=CC=CC=C2)C=C1,322.45,4.24,2,2,0.703,4.41,0.7,4,0.749
C1C=CC=C(CC=O)CN=C1CCCC,205.3,3.09,0,2,0.634,3.4,0.9,4,0.752
CC(=O)C=CC1=CC=C2C=C1CCC2C=O,214.26,2.52,0,2,0.572,3.84,0.9,4,0.714
CC1=CC=CC=C1C(=O)NC2=CC=CC=C2CCCO,269.34,3.17,2,2,0.876,4.15,0.7,4,0.826
CCCNC(=O)C1=CC=CC=C1CCCCCCC2CCCC3C2CC3,355.57,6.15,1,1,0.501,4.955,0.85,3,0.577
CCOC(=O)C1=CC=CC=C1C2NCC3CC=CC=C3C2C4=CC=CC=C4C=C,385.51,5.44,1,3,0.697,5.663,0.75,3,0.634
CCCCCCCCCCC1CCCC2CC3CCC2C1C3NC4=CC=CC=C4C,409.7,8.77,1,1,0.36,6.3,0.85,3,0.48
CC=C1C=C(C=CC(=O)OC=CC2=CC=C(Cl)C=C2)CCC=C1,326.82,5.63,0,2,0.407,4.25,0.9,3,0.56
C1OC=CC=C1CCN(C2=CC=CC=C2)C=CC=CC=C,279.38,4.61,0,2,0.676,4.183,0.9,4,0.745
CC=C1C=C(CCCCCC2=CC=C(Cl)C=C2CC)C13OCCCC3,358.95,6.83,0,1,0.485,4.92,0.95,3,0.571
CC(C)CNC(=O)C1=C2C=CC=C1C3=CC=CC=C3CC2C4=CC=CC=C4C,369.51,5.74,1,1,0.624,5.627,0.85,3,0.606
CC(C)CCCCNC(=O)C1=CC2=CC=C1C=C2,243.35,3.83,1,1,0.767,4.687,0.85,4,0.766
O=C(CCC1N(C2=CC=CC=C2C)C=O)OC1C,247.29,2.05,0,3,0.606,4.087,0.85,4,0.72
C1C(C)CC2=C3C=C(Cl)C=C2CC4=CC=CC=C4CC3C=C1,308.85,5.71,0,0,0.547,5.416,1.0,3,0.581
COC(=O)C1=CC=CC=C1OCC(C2)(C)CCCCCC2=O,304.39,3.78,0,4,0.794,4.08,0.8,4,0.795
CCCCCCCCCCCCCN(C1)CC2CCCCC2C1=O,335.58,5.99,0,2,0.408,4.285,0.9,3,0.56
CCCNC(=O)C=CC=CC1=NC=CC=C1C(=O)NCC2CCCCC2C=CC=C,407.56,4.46,2,3,0.444,4.7,0.65,4,0.637
CCCOC1=CC=C2C3=C1NCC4C3C=CC(C)=C4C2C=C,293.41,4.77,1,2,0.807,5.416,0.8,4,0.76
CC1=CC=CC=C1C(=O)NCCC2=CC=CC=C2C(C)=C3CCCCC3C=C,373.54,6.12,1,1,0.607,5.027,0.85,3,0.617
